Phylum,Class,Family,Order,Species,Tip_Name
Acanthocephala,Palaeacanthocephala,Echinorhynchida,Pomphorhynchidae,Pomphorhynchus laevis,Pomphorhynchus_laevis_ott579818
Annelida,Clitellata,Crassiclitellata,Eudrilidae,Eudrilus eugeniae,Eudrilus_eugeniae_ott522303
Annelida,Clitellata,Crassiclitellata,Lumbricidae,Aporrectodea caliginosa,Aporrectodea_caliginosa_caliginosa_ott7487297
Annelida,Clitellata,Crassiclitellata,Lumbricidae,Eisenia fetida,Eisenia_fetida_fetida_ott7487356
Annelida,Clitellata,Crassiclitellata,Lumbricidae,Lumbricus rubellus,Lumbricus_rubellus_ott115614
Annelida,Clitellata,Crassiclitellata,Lumbricidae,Lumbricus terrestris,Lumbricus_terrestris_ott316441
Annelida,Polychaeta,Dinophilidae,Dinophilidae,Dimorphilus gyrociliatus,Antarctodrilus_proboscidea_ott219219
Annelida,Clitellata,Enchytraeida,Enchytraeidae,Enchytraeus crypticus,Enchytraeus_crypticus_ott249077
Annelida,Polychaeta,Eunicida,Amphinomidae,Hermodice carunculata,Hermodice_carunculata_ott388241
Annelida,Clitellata,Hirudinida,Erpobdellidae,Erpobdella octoculata,Erpobdella_octoculata_ott931415
Annelida,Clitellata,Hirudinida,Hirudinidae,Hirudinaria manillensis,Hirudinaria_bpling_ott215022
Annelida,Clitellata,Hirudinida,Hirudinidae,Hirudo medicinalis,Hirudo_medicinalis_ott954042
Annelida,Clitellata,Hirudinida,Hirudinidae,Hirudo verbana,Hirudo_verbana_ott1037686
Annelida,Clitellata,Hirudinida,Piscicolidae,Piscicola geometra,Piscicola_geometra_ott217749
Annelida,Polychaeta,Phyllodocida,Nereididae,Alitta virens,Alitta_virens_ott986619
Annelida,Polychaeta,Phyllodocida,Nereididae,Platynereis dumerilii,Platynereis_dumerilii_ott305770
Annelida,Polychaeta,Phyllodocida,Polynoidae,Arctonoe vittata,Arctonoe_vittata_ott365749
Annelida,Polychaeta,Phyllodocida,Sigalionidae,Sthenelais limicola,Sthenelais_limicola_ott874316
Annelida,Clitellata,Rhynchobdellida,Glossiphoniidae,Helobdella robusta,Helobdella_robusta_ott870792
Annelida,Clitellata,Rhynchobdellida,Glossiphoniidae,Placobdella costata,Placobdella_costata_ott401395
Annelida,Polychaeta,Sabellida,Oweniidae,Owenia fusiformis,Owenia_fusiformis_ott941628
Annelida,Polychaeta,Sabellida,Sabellidae,Sabella spallanzanii,Sabella_spallanzanii_ott415986
Annelida,Polychaeta,Sabellida,Serpulidae,Hydroides elegans,Hydroides_elegans_ott327380
Annelida,Polychaeta,Sabellida,Siboglinidae,Escarpia spicata,Escarpia_spicata_ott117877
Annelida,Polychaeta,Sabellida,Siboglinidae,Lamellibrachia luymesi,Lamellibrachia_luymesi_ott12657
Annelida,Polychaeta,Sabellida,Siboglinidae,Ridgeia piscesae,Ridgeia_piscesae_ott632536
Annelida,Polychaeta,Scolecida,Arenicolidae,Arenicola marina,Arenicola_marina_ott941625
Annelida,Polychaeta,Scolecida,Capitellidae,Capitella teleta,Capitella_teleta_ott707082
Annelida,Polychaeta,Scolecida,Opheliidae,Armandia brevis,Armandia_brevis_ott528687
Annelida,Polychaeta,Spionida,Spionidae,Streblospio benedicti,Streblospio_benedicti_ott58635
Annelida,Polychaeta,Terebellida,Flabelligeridae,Flabesymbios commensalis,Flabesymbios_roberti_ott4985474
Arthropoda (Chelicerata),Arachnida,Araneae,Araneidae,Larinioides sclopetarius,Larinioides_sclopetarius_ott703350
Arthropoda (Chelicerata),Arachnida,Araneae,Linyphiidae,Linyphia triangularis,Linyphia_triangularis_ott517086
Arthropoda (Chelicerata),Arachnida,Araneae,Nephilidae,Trichonephila clavipes,Trichonephila_clavipes_ott201922
Arthropoda (Chelicerata),Arachnida,Araneae,Sicariidae,Loxosceles reclusa,Loxosceles_reclusa_ott673746
Arthropoda (Chelicerata),Arachnida,Araneae,Theraphosidae,Acanthoscurria geniculata,Acanthoscurria_geniculata_ott44519
Arthropoda (Chelicerata),Arachnida,Ixodida,Argasidae,Ornithodoros moubata,Ornithodoros_moubata_ott896268
Arthropoda (Chelicerata),Arachnida,Ixodida,Argasidae,Ornithodoros turicata,Ornithodoros_turicata_ott263269
Arthropoda (Chelicerata),Arachnida,Mesostigmata,Phytoseiidae,Neoseiulus californicus,Neoseiulus_californicus_ott775023
Arthropoda (Chelicerata),Arachnida,Pseudoscorpiones,Chernetidae,Cordylochernes scorpioides,Cordylochernes_scorpioides_ott26536
Arthropoda (Chelicerata),Arachnida,Sarcoptiformes,Camisiidae,Platynothrus peltifer,Platynothrus_peltifer_ott80780
Arthropoda (Chelicerata),Arachnida,Sarcoptiformes,Ceratozetidae,Ceratozetes gracilis,Ceratozetes_gracilis_ott3531266
Arthropoda (Chelicerata),Arachnida,Sarcoptiformes,Ceratozetidae,Fuscozetes fuscipes,Fuscozetes_fuscipes_ott4685426
Arthropoda (Chelicerata),Arachnida,Sarcoptiformes,Nothridae,Nothrus palustris,Nothrus_palustris_ott206656
Arthropoda (Chelicerata),Arachnida,Sarcoptiformes,Nothridae,Nothrus silvestris,Nothrus_silvestris_bistilus_ott775497
Arthropoda (Chelicerata),Arachnida,Sarcoptiformes,Oppiidae,Oppiella nova,Oppiella_nova_ott432281
Arthropoda (Chelicerata),Arachnida,Sarcoptiformes,Phthiracaridae,Phthiracarus laevigatus,Phthiracarus_laevigatus_ott3527221
Arthropoda (Chelicerata),Arachnida,Sarcoptiformes,Steganacaridae,Steganacarus magnus,Steganacarus_magnus_ott914860
Arthropoda (Chelicerata),Arachnida,Sarcoptiformes,Trhypochthoniidae,Archegozetes longisetosus,Archegozetes_longisetosus_ott518198
Arthropoda (Chelicerata),Arachnida,Scorpiones,Buthidae,Centruroides vittatus,Centruroides_vittatus_ott988689
Arthropoda (Chelicerata),Arachnida,Trombidiformes,Tetranychidae,Tetranychus piercei,Tetranychus_piercei_ott827789
Arthropoda (Chelicerata),Arachnida,Trombidiformes,Tetranychidae,Tetranychus truncatus,Tetranychus_truncatus_ott827791
Arthropoda (Chelicerata),Arachnida,Trombidiformes,Tetranychidae,Tetranychus urticae,Tetranychus_urticae_ott106112
Arthropoda (Chelicerata),Merostomata,Xiphosura,Limulidae,Limulus polyphemus,Limulus_polyphemus_ott511973
Arthropoda (Chelicerata),Merostomata,Xiphosura,Limulidae,Tachypleus gigas,Tachypleus_gigas_ott511978
Arthropoda (Chelicerata),Merostomata,Xiphosura,Limulidae,Tachypleus tridentatus,Tachypleus_tridentatus_ott511975
Arthropoda (Mandibulata),Crustacea,Amphipoda,Caprellidae,Caprella mutica,Caprella_mutica_ott1053736
Arthropoda (Mandibulata),Crustacea,Amphipoda,Hyalellidae,Hyalella azteca,Hyalella_azteca_ott648347
Arthropoda (Mandibulata),Crustacea,Amphipoda,Phronimidae,Phronima sedentaria,Phronima_sedentaria_ott903490
Arthropoda (Mandibulata),Crustacea,Anostraca,Artemiidae,Artemia sinica,Artemia_sinica_ott288536
Arthropoda (Mandibulata),Crustacea,Anostraca,Branchinectidae,Branchinecta lynchi,Branchinecta_lynchi_ott265338
Arthropoda (Mandibulata),Insecta,Blattodea,Kalotermitidae,Cryptotermes secundus,Cryptotermes_secundus_ott750450
Arthropoda (Mandibulata),Insecta,Blattodea,Rhinotermitidae,Coptotermes formosanus,Coptotermes_formosanus_ott991757
Arthropoda (Mandibulata),Insecta,Blattodea,Termopsidae,Zootermopsis nevadensis,Zootermopsis_nevadensis_nevadensis_ott612402
Arthropoda (Mandibulata),Insecta,Coleoptera,Bostrichidae,Rhyzopertha dominica,Rhyzopertha_dominica_ott633644
Arthropoda (Mandibulata),Insecta,Coleoptera,Bothrideridae,Dastarcus helophoroides,Dastarcus_helophoroides_ott524802
Arthropoda (Mandibulata),Insecta,Coleoptera,Buprestidae,Agrilus planipennis,Agrilus_planipennis_ott315327
Arthropoda (Mandibulata),Insecta,Coleoptera,Chrysomelidae,Plagiodera versicolora,Plagiodera_versicolora_ott535621
Arthropoda (Mandibulata),Insecta,Coleoptera,Coccinellidae,Adalia bipunctata,Adalia_bipunctata_revelierei_ott7165568
Arthropoda (Mandibulata),Insecta,Coleoptera,Coccinellidae,Coccinella septempunctata,Coccinella_septempunctata_brucki_ott646773
Arthropoda (Mandibulata),Insecta,Coleoptera,Coccinellidae,Cryptolaemus montrouzieri,Cryptolaemus_montrouzieri_ott1076877
Arthropoda (Mandibulata),Insecta,Coleoptera,Curculionidae,Diaprepes abbreviatus,Diaprepes_abbreviatus_ott713695
Arthropoda (Mandibulata),Insecta,Coleoptera,Curculionidae,Sitophilus oryzae,Sitophilus_oryzae_ott865254
Arthropoda (Mandibulata),Insecta,Coleoptera,Staphylinidae,Dalotia coriaria,Dalotia_coriaria_ott1010594
Arthropoda (Mandibulata),Crustacea,Decapoda,Atyidae,Caridina multidentata,Caridina_multidentata_ott1096140
Arthropoda (Mandibulata),Crustacea,Decapoda,Atyidae,Neocaridina denticulata,Neocaridina_denticulata_denticulata_ott829170
Arthropoda (Mandibulata),Crustacea,Decapoda,Cambaridae,Procambarus clarkii,Procambarus_clarkii_ott79864
Arthropoda (Mandibulata),Crustacea,Decapoda,Cambaridae,Procambarus virginalis,Procambarus_virginalis_ott7116938
Arthropoda (Mandibulata),Crustacea,Decapoda,Cancridae,Metacarcinus magister,Metacarcinus_magister_ott812825
Arthropoda (Mandibulata),Crustacea,Decapoda,Coenobitidae,Birgus latro,Birgus_latro_ott644678
Arthropoda (Mandibulata),Crustacea,Decapoda,Lithodidae,Paralithodes camtschaticus,Paralithodes_camtschaticus_ott131917
Arthropoda (Mandibulata),Crustacea,Decapoda,Lithodidae,Paralithodes platypus,Paralithodes_platypus_ott725802
Arthropoda (Mandibulata),Crustacea,Decapoda,Majidae,Chionoecetes opilio,Chionoecetes_opilio_ott604254
Arthropoda (Mandibulata),Crustacea,Decapoda,Nephropidae,Homarus americanus,Homarus_americanus_ott28247
Arthropoda (Mandibulata),Crustacea,Decapoda,Nephropidae,Homarus gammarus,Homarus_gammarus_ott28244
Arthropoda (Mandibulata),Crustacea,Decapoda,Palaemonidae ,Macrobrachium hainanense,Macrobrachium_hainanense_ott220152
Arthropoda (Mandibulata),Crustacea,Decapoda,Palaemonidae ,Macrobrachium rosenbergii,Macrobrachium_superbum_ott66972
Arthropoda (Mandibulata),Crustacea,Decapoda,Palinuridae,Panulirus argus,Panulirus_argus_westonii_ott7116147
Arthropoda (Mandibulata),Crustacea,Decapoda,Palinuridae,Panulirus cygnus,Panulirus_cygnus_ott180995
Arthropoda (Mandibulata),Crustacea,Decapoda,Pandalidae,Pandalus borealis,Pandalus_borealis_ott28236
Arthropoda (Mandibulata),Crustacea,Decapoda,Parastacidae,Cherax destructor,Cherax_destructor_destructor_ott917791
Arthropoda (Mandibulata),Crustacea,Decapoda,Parastacidae,Cherax quadricarinatus,Cherax_quadricarinatus_ott46784
Arthropoda (Mandibulata),Crustacea,Decapoda,Penaeidae ,Penaeus indicus,Penaeus_indicus_ott812818
Arthropoda (Mandibulata),Crustacea,Decapoda,Penaeidae ,Penaeus japonicus,Penaeus_japonicus_ott5787510
Arthropoda (Mandibulata),Crustacea,Decapoda,Penaeidae ,Penaeus monodon,Penaeus_monodon_ott212713
Arthropoda (Mandibulata),Crustacea,Decapoda,Portunidae,Callinectes sapidus,Callinectes_sapidus_ott182906
Arthropoda (Mandibulata),Crustacea,Decapoda,Portunidae,Portunus pelagicus,Portunus_pelagicus_ott599991
Arthropoda (Mandibulata),Crustacea,Decapoda,Varunidae,Eriocheir sinensis,Eriocheir_sinensis_ott566723
Arthropoda (Mandibulata),Crustacea,Diplostraca,Daphniidae,Daphnia dubia,Daphnia_dubia_ott996292
Arthropoda (Mandibulata),Crustacea,Diplostraca,Daphniidae,Daphnia galeata,Daphnia_galeata_galeata_ott469789
Arthropoda (Mandibulata),Crustacea,Diplostraca,Daphniidae,Daphnia magna,Daphnia_magna_ott668392
Arthropoda (Mandibulata),Crustacea,Diplostraca,Daphniidae,Daphnia pulex,Daphnia_pulex_ott59086
Arthropoda (Mandibulata),Crustacea,Diplostraca,Daphniidae,Daphnia pulicaria,Daphnia_pulicaria_ott668394
Arthropoda (Mandibulata),Crustacea,Diplostraca,Daphniidae,Simocephalus vetulus,Simocephalus_vetulus_ott424900
Arthropoda (Mandibulata),Crustacea,Diplostraca,Leptestheriidae,Leptestheria dahalacensis,Leptestheria_dahalacensis_ott741420
Arthropoda (Mandibulata),Crustacea,Diplostraca,Limnadiidae,Eulimnadia texana,Eulimnadia_texana_ott216552
Arthropoda (Mandibulata),Insecta,Diptera,Calliphoridae,Calliphora vicina,Calliphora_vicina_ott1010998
Arthropoda (Mandibulata),Insecta,Diptera,Cecidomyiidae,Aphidoletes aphidimyza,Aphidoletes_aphidimyza_ott234104
Arthropoda (Mandibulata),Insecta,Diptera,Culicidae,Anopheles sinensis,Anopheles_sinensis_ott788095
Arthropoda (Mandibulata),Insecta,Diptera,Culicidae,Culex quinquefasciatus,Culex_quinquefasciatus_quinquefasciatus_ott726795
Arthropoda (Mandibulata),Insecta,Diptera,Drosophilidae,Drosophila melanogaster,Drosophila_melanogaster_ott505714
Arthropoda (Mandibulata),Insecta,Diptera,Drosophilidae,Drosophila suzukii,Drosophila_suzukii_ott227752
Arthropoda (Mandibulata),Insecta,Diptera,Muscidae,Stomoxys calcitrans,Stomoxys_calcitrans_ott42520
Arthropoda (Mandibulata),Insecta,Diptera,Phoridae,Megaselia scalaris,Megaselia_scalaris_ott430572
Arthropoda (Mandibulata),Insecta,Diptera,Scathophagidae,Scathophaga stercoraria,Scathophaga_stercoraria_ott557400
Arthropoda (Mandibulata),Insecta,Diptera,Scatopsidae,Coboldia fuscipes,Coboldia_fuscipes_ott874412
Arthropoda (Mandibulata),Insecta,Diptera,Sciaridae,Bradysia odoriphaga,Bradysia_odoriphaga_ott4489873
Arthropoda (Mandibulata),Insecta,Diptera,Tephritidae,Bactrocera dorsalis,Bactrocera_dorsalis_ott446866
Arthropoda (Mandibulata),Insecta,Diptera,Tephritidae,Ceratitis capitata,Ceratitis_capitata_ott34902
Arthropoda (Mandibulata),Insecta,Ephemeroptera,Baetidae,Cloeon dipterum,Cloeon_dipterum_ott725593
Arthropoda (Mandibulata),Crustacea,Euphausiacea,Euphausiidae,Meganyctiphanes norvegica,Meganyctiphanes_norvegica_ott151806
Arthropoda (Mandibulata),Chilopoda,Geophilomorpha,Linotaeniidae,Strigamia maritima,Strigamia_maritima_ott274999
Arthropoda (Mandibulata),Diplopoda,Glomerida,Glomeridae,Glomeris marginata,Glomeris_marginata_ott274378
Arthropoda (Mandibulata),Insecta,Hemiptera,Aphididae,Sipha flava,Sipha_flava_ott443995
Arthropoda (Mandibulata),Insecta,Hemiptera,Cicadidae,Magicicada cassini,Magicicada_cassini_ott435888
Arthropoda (Mandibulata),Insecta,Hemiptera,Cicadidae,Magicicada septendecim,Magicicada_septendecim_ott427477
Arthropoda (Mandibulata),Insecta,Hemiptera,Cicadidae,Magicicada septendecula,Magicicada_septendecula_ott160839
Arthropoda (Mandibulata),Crustacea,Hexanauplia,Calanidae,Calanus finmarchicus,Calanus_finmarchicus_ott149532
Arthropoda (Mandibulata),Crustacea,Hexanauplia,Calanidae,Calanus glacialis,Calanus_glacialis_ott111852
Arthropoda (Mandibulata),Crustacea,Hexanauplia,Caligidae,Lepeophtheirus salmonis,Lepeophtheirus_salmonis_salmonis_ott5791780
Arthropoda (Mandibulata),Crustacea,Hexanauplia,Harpacticidae,Tigriopus californicus,Tigriopus_californicus_ott461524
Arthropoda (Mandibulata),Crustacea,Hexanauplia,Oithonidae,Oithona nana,Oithona_nana_ott840665
Arthropoda (Mandibulata),Crustacea,Hexanauplia,Tisbidae,Tisbe holothuriae,Tisbe_holothuriae_ott2953625
Arthropoda (Mandibulata),Insecta,Hymenoptera,Aphelinidae,Encarsia formosa,Encarsia_formosa_ott300763
Arthropoda (Mandibulata),Insecta,Hymenoptera,Apidae,Anthophora plumipes,Anthophora_plumipes_ott811589
Arthropoda (Mandibulata),Insecta,Hymenoptera,Apidae,Apis mellifera,Apis_mellifera_mellifera_ott13206
Arthropoda (Mandibulata),Insecta,Hymenoptera,Apidae,Bombus terrestris,Bombus_terrestris_terrestris_ott4529091
Arthropoda (Mandibulata),Insecta,Hymenoptera,Apidae,Tetragonisca angustula,Tetragonisca_angustula_ott345378
Arthropoda (Mandibulata),Insecta,Hymenoptera,Argidae,Arge pagana,Arge_pagana_pagana_ott5543310
Arthropoda (Mandibulata),Insecta,Hymenoptera,Bethylidae,Goniozus legneri,Goniozus_legneri_ott251688
Arthropoda (Mandibulata),Insecta,Hymenoptera,Bethylidae,Prorops nasuta,Prorops_nasuta_ott709100
Arthropoda (Mandibulata),Insecta,Hymenoptera,Braconidae,Aphidius ervi,Aphidius_ervi_ott472057
Arthropoda (Mandibulata),Insecta,Hymenoptera,Chalcididae,Brachymeria lasus,Brachymeria_lasus_ott146800
Arthropoda (Mandibulata),Insecta,Hymenoptera,Formicidae,Aphaenogaster rudis,Aphaenogaster_rudis_ott538917
Arthropoda (Mandibulata),Insecta,Hymenoptera,Formicidae,Atta cephalotes,Atta_cephalotes_ott709966
Arthropoda (Mandibulata),Insecta,Hymenoptera,Formicidae,Atta colombica,Atta_colombica_ott717333
Arthropoda (Mandibulata),Insecta,Hymenoptera,Formicidae,Camponotus fellah,Camponotus_fellah_ott912687
Arthropoda (Mandibulata),Insecta,Hymenoptera,Formicidae,Formica exsecta,Formica_exsecta_ott637436
Arthropoda (Mandibulata),Insecta,Hymenoptera,Formicidae,Formica selysi,Formica_selysi_ott432491
Arthropoda (Mandibulata),Insecta,Hymenoptera,Formicidae,Harpagoxenus sublaevis,Harpagoxenus_sublaevis_ott25161
Arthropoda (Mandibulata),Insecta,Hymenoptera,Formicidae,Harpegnathos saltator,Harpegnathos_saltator_ott504908
Arthropoda (Mandibulata),Insecta,Hymenoptera,Formicidae,Lasius niger,Lasius_niger_ott915691
Arthropoda (Mandibulata),Insecta,Hymenoptera,Formicidae,Leptothorax acervorum,Leptothorax_acervorum_ott933814
Arthropoda (Mandibulata),Insecta,Hymenoptera,Formicidae,Linepithema humile,Linepithema_humile_ott1021480
Arthropoda (Mandibulata),Insecta,Hymenoptera,Formicidae,Monomorium pharaonis,Monomorium_pharaonis_ott54024
Arthropoda (Mandibulata),Insecta,Hymenoptera,Formicidae,Pogonomyrmex barbatus,Pogonomyrmex_barbatus_ott566779
Arthropoda (Mandibulata),Insecta,Hymenoptera,Formicidae,Solenopsis invicta,Solenopsis_invicta_ott489862
Arthropoda (Mandibulata),Insecta,Hymenoptera,Formicidae,Temnothorax nylanderi,Temnothorax_nylanderi_ott840485
Arthropoda (Mandibulata),Insecta,Hymenoptera,Formicidae,Temnothorax unifasciatus,Temnothorax_unifasciatus_ott463488
Arthropoda (Mandibulata),Insecta,Hymenoptera,Formicidae,Trachymyrmex septentrionalis,Trachymyrmex_septentrionalis_ott947324
Arthropoda (Mandibulata),Insecta,Hymenoptera,Formicidae,Trachymyrmex zeteki,Trachymyrmex_zeteki_ott157606
Arthropoda (Mandibulata),Insecta,Hymenoptera,Formicidae,Wasmannia auropunctata,Wasmannia_auropunctata_ott157602
Arthropoda (Mandibulata),Insecta,Hymenoptera,Halictidae,Halictus ligatus,Halictus_ligatus_ott487756
Arthropoda (Mandibulata),Insecta,Hymenoptera,Halictidae,Lasioglossum marginatum,Lasioglossum_marginatum_ott1006446
Arthropoda (Mandibulata),Insecta,Hymenoptera,Ichneumonidae,Diadegma fenestrale,Diadegma_fenestrale_ott185626
Arthropoda (Mandibulata),Insecta,Hymenoptera,Ichneumonidae,Diadegma semiclausum,Diadegma_semiclausum_ott75925
Arthropoda (Mandibulata),Insecta,Hymenoptera,Ichneumonidae,Diplazon laetatorius,Diplazon_laetatorius_ott40237
Arthropoda (Mandibulata),Insecta,Hymenoptera,Vespidae,Liostenogaster flavolineata,Liostenogaster_flavolineata_ott377683
Arthropoda (Mandibulata),Insecta,Hymenoptera,Vespidae,Polistes canadensis,Polistes_canadensis_canadensis_ott379228
Arthropoda (Mandibulata),Insecta,Hymenoptera,Vespidae,Polistes dominula,Polistes_dominula_ott69994
Arthropoda (Mandibulata),Insecta,Hymenoptera,Vespidae,Polistes exclamans,Polistes_exclamans_exclamans_ott379225
Arthropoda (Mandibulata),Insecta,Hymenoptera,Vespidae,Polistes fuscatus,Polistes_fuscatus_ott550432
Arthropoda (Mandibulata),Crustacea,Isopoda,Armadillidiidae,Armadillidium vulgare,Armadillidium_vulgare_ott776700
Arthropoda (Mandibulata),Crustacea,Isopoda,Asellidae,Asellus aquaticus,Asellus_aquaticus_ott335971
Arthropoda (Mandibulata),Crustacea,Isopoda,Idoteidae,Idotea baltica,Idotea_balthica_ott788883
Arthropoda (Mandibulata),Crustacea,Isopoda,Ligiidae,Ligia exotica,Ligia_exotica_ott981553
Arthropoda (Mandibulata),Crustacea,Isopoda,Porcellionidae,Porcellio scaber,Porcellio_scaber_ott84741
Arthropoda (Mandibulata),Crustacea,Isopoda,Trichoniscidae,Trichoniscus pusillus,Trichoniscus_pusillus_ott240540
Arthropoda (Mandibulata),Diplopoda,Julida,Blaniulidae,Proteroiulus fuscus,Proteroiulus_fuscus_ott547146
Arthropoda (Mandibulata),Diplopoda,Julida,Julidae,Cylindroiulus punctatus,Cylindroiulus_punctatus_ott177534
Arthropoda (Mandibulata),Diplopoda,Julida,Julidae,Julus scandinavius,Julus_scandinavius_ott13913
Arthropoda (Mandibulata),Diplopoda,Julida,Julidae,Ophyiulus pilosus,Ophyiulus_pilosus_ott129823
Arthropoda (Mandibulata),Diplopoda,Julida,Julidae,Tachypodoiulus niger,Tachypodoiulus_niger_ott412164
Arthropoda (Mandibulata),Diplopoda,Julida,Nemasomatidae,Nemasoma varicorne,Nemasoma_varicorne_ott129826
Arthropoda (Mandibulata),Insecta,Lepidoptera,Gelechiidae,Pectinophora gossypiella,Pectinophora_gossypiella_ott108952
Arthropoda (Mandibulata),Insecta,Lepidoptera,Gelechiidae,Phthorimaea operculella,Phthorimaea_operculella_ott600263
Arthropoda (Mandibulata),Insecta,Lepidoptera,Hesperiidae,Carterocephalus palaemon,Carterocephalus_palaemon_satakei_ott28037
Arthropoda (Mandibulata),Insecta,Lepidoptera,Hesperiidae,Hesperia comma,Hesperia_comma_ott1093034
Arthropoda (Mandibulata),Insecta,Lepidoptera,Hesperiidae,Pyrgus malvae,Pyrgus_malvae_unomasahiroi_ott673693
Arthropoda (Mandibulata),Insecta,Lepidoptera,Hesperiidae,Thymelicus lineola,Thymelicus_lineola_lineola_ott7146897
Arthropoda (Mandibulata),Insecta,Lepidoptera,Hesperiidae,Thymelicus sylvestris,Thymelicus_sylvestris_ott220627
Arthropoda (Mandibulata),Insecta,Lepidoptera,Lycaenidae,Celastrina argiolus,Celastrina_argiolus_ladonides_ott1076881
Arthropoda (Mandibulata),Insecta,Lepidoptera,Lycaenidae,Lampides boeticus,Lampides_boeticus_ott174789
Arthropoda (Mandibulata),Insecta,Lepidoptera,Lycaenidae,Polyommatus icarus,Polyommatus_icarus_fuchsi_ott104048
Arthropoda (Mandibulata),Insecta,Lepidoptera,Lycaenidae,Satyrium pruni,Satyrium_pruni_ott790482
Arthropoda (Mandibulata),Insecta,Lepidoptera,Noctuidae,Helicoverpa zea,Helicoverpa_zea_ott167928
Arthropoda (Mandibulata),Insecta,Lepidoptera,Noctuidae,Heliothis virescens,Heliothis_virescens_ott742356
Arthropoda (Mandibulata),Insecta,Lepidoptera,Noctuidae,Trichoplusia ni,Trichoplusia_ni_ott167935
Arthropoda (Mandibulata),Insecta,Lepidoptera,Nymphalidae,Boloria euphrosyne,Boloria_euphrosyne_ott1064470
Arthropoda (Mandibulata),Insecta,Lepidoptera,Nymphalidae,Boloria selene,Boloria_selene_ott1038979
Arthropoda (Mandibulata),Insecta,Lepidoptera,Nymphalidae,Danaus plexippus,Danaus_plexippus_plexippus_ott532411
Arthropoda (Mandibulata),Insecta,Lepidoptera,Nymphalidae,Erebia aethiops,Erebia_aethiops_aethiops_ott730439
Arthropoda (Mandibulata),Insecta,Lepidoptera,Nymphalidae,Erebia epiphron,Erebia_epiphron_pyrenaica_ott53139
Arthropoda (Mandibulata),Insecta,Lepidoptera,Nymphalidae,Lasiommata megera,Lasiommata_megera_ott106375
Arthropoda (Mandibulata),Insecta,Lepidoptera,Nymphalidae,Maniola jurtina,Maniola_jurtina_ott283881
Arthropoda (Mandibulata),Insecta,Lepidoptera,Nymphalidae,Melanargia galathea,Melanargia_galathea_ott627797
Arthropoda (Mandibulata),Insecta,Lepidoptera,Nymphalidae,Pararge aegeria,Pararge_aegeria_aegeria_ott208683
Arthropoda (Mandibulata),Insecta,Lepidoptera,Nymphalidae,Vanessa atalanta,Vanessa_atalanta_ott581038
Arthropoda (Mandibulata),Insecta,Lepidoptera,Oecophoridae,Hofmannophila pseudospretella,Hofmannophila_pseudospretella_ott1053135
Arthropoda (Mandibulata),Insecta,Lepidoptera,Pieridae,Colias hyale,Colias_hyale_ott987308
Arthropoda (Mandibulata),Insecta,Lepidoptera,Pieridae,Leptidea sinapis,Leptidea_sinapis_ott173126
Arthropoda (Mandibulata),Insecta,Lepidoptera,Pieridae,Pieris brassicae,Pieris_brassicae_brassicae_ott346386
Arthropoda (Mandibulata),Insecta,Lepidoptera,Pieridae,Pieris napi,Pieris_napi_napi_ott846514
Arthropoda (Mandibulata),Insecta,Lepidoptera,Plutellidae,Plutella xylostella,Plutella_xylostella_ott664811
Arthropoda (Mandibulata),Insecta,Lepidoptera,Pyralidae,Ephestia kuehniella,Ephestia_kuehniella_ott184411
Arthropoda (Mandibulata),Insecta,Lepidoptera,Pyralidae,Plodia interpunctella,Plodia_interpunctella_ott710461
Arthropoda (Mandibulata),Chilopoda,Lithobiomorpha,Lithobiidae,Lithobius forficatus,Lithobius_forficatus_ott1078166
Arthropoda (Mandibulata),Chilopoda,Lithobiomorpha,Lithobiidae,Lithobius mutabilis,Lithobius_mutabilis_ott267601
Arthropoda (Mandibulata),Crustacea,Notostraca,Triopsidae,Lepidurus arcticus,Lepidurus_arcticus_ott25262
Arthropoda (Mandibulata),Crustacea,Notostraca,Triopsidae,Lepidurus packardi,Lepidurus_packardi_ott709234
Arthropoda (Mandibulata),Crustacea,Notostraca,Triopsidae,Triops cancriformis,Triops_cancriformis_cancriformis_ott813976
Arthropoda (Mandibulata),Insecta,Odonata,Coenagrionidae,Ischnura elegans,Ischnura_elegans_ebneri_ott5015555
Arthropoda (Mandibulata),Insecta,Orthoptera,Acrididae,Schistocerca gregaria,Schistocerca_gregaria_gregaria_ott896292
Arthropoda (Mandibulata),Insecta,Phasmatodea,Timematidae,Timema cristinae,Timema_cristinae_ott814238
Arthropoda (Mandibulata),Insecta,Plecoptera,Leuctridae,Leuctra nigra,Leuctra_nigra_ott1002096
Arthropoda (Mandibulata),Crustacea,Podocopida,Cyprididae,Notodromas monacha,Notodromas_monacha_ott792554
Arthropoda (Mandibulata),Crustacea,Podocopida,Cytherideidae,Cyprideis torosa,Cyprideis_spatula_ott108007
Arthropoda (Mandibulata),Crustacea,Podocopida,Darwinulidae,Darwinula stevensoni,Darwinula_stevensoni_ott230308
Arthropoda (Mandibulata),Diplopoda,Polydesmida,Polydesmidae,Polydesmus angustus,Polydesmus_angustus_ott193759
Arthropoda (Mandibulata),Diplopoda,Polydesmida,Polydesmidae,Polydesmus complanatus,Polydesmus_complanatus_ott43694
Arthropoda (Mandibulata),Insecta,Psocoptera,Liposcelididae,Liposcelis bostrychophila,Liposcelis_bostrychophila_ott1076848
Arthropoda (Mandibulata),Insecta,Siphonaptera,Pulicidae,Ctenocephalides felis,Ctenocephalides_felis_felis_ott372741
Arthropoda (Mandibulata),Crustacea,Stomatopoda,Squillidae,Oratosquilla oratoria,Oratosquilla_oratoria_ott749574
Arthropoda (Mandibulata),Crustacea,Thecostraca,Balanidae,Amphibalanus amphitrite,Amphibalanus_amphitrite_ott186242
Arthropoda (Mandibulata),Crustacea,Thecostraca,Balanidae,Amphibalanus improvisus,Amphibalanus_improvisus_ott43613
Arthropoda (Mandibulata),Crustacea,Thecostraca,Balanidae,Balanus glandula,Balanus_glandula_ott404546
Arthropoda (Mandibulata),Crustacea,Thecostraca,Balanidae,Semibalanus balanoides,Semibalanus_balanoides_ott374192
Arthropoda (Mandibulata),Crustacea,Thecostraca,Balanidae,Semibalanus cariosus,Semibalanus_cariosus_ott949511
Arthropoda (Mandibulata),Crustacea,Thecostraca,Pollicipedidae,Pollicipes pollicipes,Pollicipes_pollicipes_ott293042
Arthropoda (Mandibulata),Crustacea,Thecostraca,Sacculinidae,Sacculina carcini,Sacculina_carcini_ott664820
Arthropoda (Mandibulata),Crustacea,Thecostraca,Tetraclitidae,Tetraclita rubescens,Tetraclita_rubescens_ott978974
Arthropoda (Mandibulata),Insecta,Thysanoptera,Thripidae,Frankliniella fusca,Frankliniella_fusca_ott80013
Arthropoda (Mandibulata),Insecta,Thysanoptera,Thripidae,Stenchaetothrips biformis,Stenchaetothrips_biformis_ott157036
Arthropoda (Mandibulata),Insecta,Thysanoptera,Thripidae,Thrips tabaci,Thrips_tabaci_ott136924
Arthropoda (Mandibulata),Insecta,Trichoptera,Limnephilidae,Glyphotaelius pellucidus,Glyphotaelius_pellucidus_ott3029760
Brachiopoda,Lingulata,Lingulida,Lingulidae,Lingula anatina,Lingula_anatina_ott1027439
Bryozoa,Gymnolaemata,Cheilostomatida,Membraniporidae,Membranipora membranacea,Membranipora_membranacea_ott970871
Bryozoa,Gymnolaemata,Cheilostomatida,Watersiporidae,Watersipora subatra,Watersipora_subatra_ott5736426
Mollusca,Gastropoda,Acteonimorpha,Aplustridae,Bullina lineata,Micromelon_nepouieana_ott44822
Mollusca,Bivalvia,Adapedonta,Hiatellidae,Cyrtodaria siliqua,Cyrtodaria_siliqua_ott2864086
Mollusca,Bivalvia,Adapedonta,Hiatellidae,Panopea generosa,Panopea_generosa_ott875210
Mollusca,Gastropoda,Aplysiida,Aplysiidae,Aplysia californica,Aplysia_californica_ott51009
Mollusca,Gastropoda,Aplysiida,Aplysiidae,Phyllaplysia taylori,Phyllaplysia_taylori_ott694793
Mollusca,Gastropoda,Architaenioglossa,Ampullariidae,Lanistes nyassanus,Lanistes_nyassanus_ott468252
Mollusca,Gastropoda,Architaenioglossa,Ampullariidae,Marisa cornuarietis,Marisa_cornuarietis_ott370521
Mollusca,Gastropoda,Architaenioglossa,Ampullariidae,Pomacea canaliculata,Pomacea_canaliculata_ott229287
Mollusca,Gastropoda,Architaenioglossa,Ampullariidae,Pomacea maculata,Pomacea_maculata_ott4159401
Mollusca,Bivalvia,Arcoida,Arcidae,Anadara kagoshimensis,Anadara_kagoshimensis_ott64928
Mollusca,Bivalvia,Arcoida,Arcidae,Tegillarca granosa,Tegillarca_granosa_ott539397
Mollusca,Bivalvia,Cardiida,Cardiidae,Cerastoderma edule,Cerastoderma_edule_ott439669
Mollusca,Bivalvia,Cardiida,Cardiidae,Clinocardium nuttallii,Clinocardium_nuttallii_ott661556
Mollusca,Bivalvia,Cardiida,Cardiidae,Fragum fragum,Fragum_fragum_ott78491
Mollusca,Bivalvia,Cardiida,Cardiidae,Hippopus hippopus,Hippopus_hippopus_ott652458
Mollusca,Bivalvia,Cardiida,Cardiidae,Serripes groenlandicus,Serripes_groenlandicus_ott2862351
Mollusca,Bivalvia,Cardiida,Cardiidae,Tridacna crocea,Tridacna_crocea_ott599998
Mollusca,Bivalvia,Cardiida,Cardiidae,Tridacna derasa,Tridacna_derasa_ott599996
Mollusca,Bivalvia,Cardiida,Cardiidae,Tridacna gigas,Tridacna_gigas_ott78499
Mollusca,Bivalvia,Cardiida,Psammobiidae,Nuttallia obscurata,Nuttallia_obscurata_ott139252
Mollusca,Bivalvia,Cardiida,Solecurtidae,Sinonovacula constricta,Sinonovacula_constricta_ott1064443
Mollusca,Bivalvia,Cardiida,Tellinidae,Macomangulus tenuis,Macomangulus_tenuis_ott15334
Mollusca,Gastropoda,Cephalaspidea,Gastropteridae,Gastropteron pacificum,Gastropteron_pacificum_ott2884606
Mollusca,Gastropoda,Cerithioidea,Batillariidae,Batillaria attramentaria,Troschelvindex_candeana_ott7947181
Mollusca,Gastropoda,Cerithioidea,Thiaridae,Melanoides tuberculata,Cinnabarica_balfouri_ott7946968
Mollusca,Polyplacophora,Chitonida,Chitonidae,Acanthopleura granulata,Acanthopleura_granulata_ott457177
Mollusca,Polyplacophora,Chitonida,Mopaliidae,Cryptochiton stelleri,Cryptochiton_stelleri_ott632182
Mollusca,Polyplacophora,Chitonida,Mopaliidae,Katharina tunicata,Katharina_tunicata_ott837687
Mollusca,Polyplacophora,Chitonida,Mopaliidae,Tonicella lineata,Tonicella_lineata_ott472459
Mollusca,Polyplacophora,Chitonida,Tonicellidae,Lepidochitona cinerea,Lepidochitona_cinerea_ott472453
Mollusca,Gastropoda,Cycloneritida,Neritidae,Theodoxus fluviatilis,Theodoxus_fluviatilis_ott738426
Mollusca,Gastropoda,Ellobiida,Ellobiidae,Ellobium chinense,Latipes_erinaceus_ott5743720
Mollusca,Gastropoda,Hygrophila,Lymnaeidae,Ampullaceana balthica,Radix_balthica_ott621116
Mollusca,Gastropoda,Hygrophila,Lymnaeidae,Lymnaea stagnalis,Lymnaea_stagnalis_ott844828
Mollusca,Gastropoda,Hygrophila,Lymnaeidae,Omphiscola glabra,Omphiscola_reticulata_ott2879192
Mollusca,Gastropoda,Hygrophila,Lymnaeidae,Radix auricularia,Radix_auricularia_ott274226
Mollusca,Gastropoda,Hygrophila,Physidae,Physella acuta,Physa_acuta_ott55904
Mollusca,Gastropoda,Hygrophila,Planorbidae,Anisus vortex,Anisus_vortex_ott882493
Mollusca,Gastropoda,Hygrophila,Planorbidae,Biomphalaria glabrata,Biomphalaria_glabrata_ott673791
Mollusca,Gastropoda,Hygrophila,Planorbidae,Biomphalaria pfeifferi,Biomphalaria_pfeifferi_ott960329
Mollusca,Gastropoda,Hygrophila,Planorbidae,Biomphalaria straminea,Biomphalaria_straminea_ott960333
Mollusca,Gastropoda,Hygrophila,Planorbidae,Biomphalaria sudanica,Biomphalaria_sudanica_ott268291
Mollusca,Gastropoda,Hygrophila,Planorbidae,Bulinus truncatus,Bulinus_truncatus_ott327546
Mollusca,Cephalopoda,Idiosepida,Idiosepiidae,Xipholeptos notoides,Idiosepius_notoides_ott362798
Mollusca,Gastropoda,Lepetellida,Fissurellidae,Diodora aspera,Diodora_aspera_ott335847
Mollusca,Gastropoda,Lepetellida,Haliotidae,Haliotis cracherodii,Haliotis_cracherodii_ott260344
Mollusca,Gastropoda,Lepetellida,Haliotidae,Haliotis laevigata,Haliotis_laevigata_ott780536
Mollusca,Gastropoda,Lepetellida,Haliotidae,Haliotis rubra,Haliotis_rubra_ott695282
Mollusca,Gastropoda,Lepetellida,Haliotidae,Haliotis rufescens,Haliotis_rufescens_ott820667
Mollusca,Gastropoda,Littorinimorpha,Littorinidae,Littorina saxatilis,Littorina_saxatilis_ott182096
Mollusca,Gastropoda,Littorinimorpha,Pomatiopsidae,Oncomelania hupensis,Oncomelania_hupensis_hupensis_ott965382
Mollusca,Gastropoda,Littorinimorpha,Ranellidae,Monoplex corrugatus,Monoplex_corrugatus_ott2890223
Mollusca,Gastropoda,Littorinimorpha,Tateidae,Potamopyrgus estuarinus,Potamopyrgus_estuarinus_ott513707
Mollusca,Gastropoda,Lottioidea,Lottiidae,Lottia gigantea,Lottia_gigantea_ott840650
Mollusca,Gastropoda,Lottioidea,Lottiidae,Lottia scabra,Lottia_scabra_ott840646
Mollusca,Bivalvia,Lucinida,Lucinidae,Anodontia alba,Anodontia_alba_ott331898
Mollusca,Bivalvia,Lucinida,Lucinidae,Stewartia floridana,Troendleina_suluensis_ott7492262
Mollusca,Bivalvia,Myida,Dreissenidae,Congeria kusceri,Congeria_kusceri_ott905007
Mollusca,Bivalvia,Myida,Dreissenidae,Dreissena polymorpha,Dreissena_polymorpha_polymorpha_ott154694
Mollusca,Bivalvia,Myida,Dreissenidae,Dreissena rostriformis,Dreissena_rostriformis_compressa_ott4160794
Mollusca,Bivalvia,Myida,Myidae,Mya arenaria,Mya_arenaria_ott7366
Mollusca,Cephalopoda,Myopsida,Loliginidae,Doryteuthis pealeii,Doryteuthis_pealeii_ott241285
Mollusca,Cephalopoda,Myopsida,Loliginidae,Sepioteuthis lessoniana,Sepioteuthis_lessoniana_ott616360
Mollusca,Bivalvia,Mytilida,Mytilidae,Arcuatula senhousia,Arcuatula_senhousia_ott50689
Mollusca,Bivalvia,Mytilida,Mytilidae,Geukensia demissa,Geukensia_demissa_ott945732
Mollusca,Bivalvia,Mytilida,Mytilidae,Geukensia granosissima,Geukensia_granosissima_ott69865
Mollusca,Bivalvia,Mytilida,Mytilidae,Limnoperna fortunei,Limnoperna_fortunei_ott94516
Mollusca,Bivalvia,Mytilida,Mytilidae,Mytilus californianus,Mytilus_californianus_ott1025558
Mollusca,Bivalvia,Mytilida,Mytilidae,Mytilus coruscus,Mytilus_unguiculatus_ott362065
Mollusca,Bivalvia,Mytilida,Mytilidae,Mytilus edulis,Mytilus_edulis_ott499751
Mollusca,Bivalvia,Mytilida,Mytilidae,Mytilus galloprovincialis,Mytilus_galloprovincialis_ott423885
Mollusca,Bivalvia,Mytilida,Mytilidae,Mytilus trossulus,Mytilus_trossulus_ott499754
Mollusca,Bivalvia,Mytilida,Mytilidae,Perna viridis,Perna_viridis_ott1014605
Mollusca,Cephalopoda,Nautilida,Nautilidae,Nautilus pompilius,Nautilus_pompilius_ott616359
Mollusca,Gastropoda,Neogastropoda,Buccinidae,Babylonia areolata,Babylonia_areolata_ott4958669
Mollusca,Gastropoda,Neogastropoda,Muricidae,Concholepas concholepas,Concholepas_concholepas_ott685812
Mollusca,Gastropoda,Neogastropoda,Muricidae,Rapana venosa,Rapana_venosa_ott672626
Mollusca,Gastropoda,Neogastropoda,Muricidae,Stramonita haemastoma,Stramonita_haemastoma_haemastoma_ott545900
Mollusca,Gastropoda,Neogastropoda,Muricidae,Urosalpinx cinerea,Urosalpinx_cinerea_ott850826
Mollusca,Gastropoda,Neogastropoda,Nassariidae,Anentome helena,Clea_helena_ott2901697
Mollusca,Gastropoda,Nudibranchia,Aeolidiidae,Aeolidia papillosa,Aeolidia_papillosa_ott823222
Mollusca,Gastropoda,Nudibranchia,Aeolidiidae,Berghia stephanieae,Berghia_stephanieae_ott2876020
Mollusca,Gastropoda,Nudibranchia,Chromodorididae,Goniobranchus coi,Goniobranchus_coi_ott319299
Mollusca,Gastropoda,Nudibranchia,Chromodorididae,Goniobranchus fidelis,Goniobranchus_fidelis_ott574892
Mollusca,Gastropoda,Nudibranchia,Chromodorididae,Goniobranchus geometricus,Goniobranchus_geometricus_ott168517
Mollusca,Gastropoda,Nudibranchia,Chromodorididae,Goniobranchus kuniei,Goniobranchus_kuniei_ott168509
Mollusca,Gastropoda,Nudibranchia,Chromodorididae,Goniobranchus leopardus,Goniobranchus_leopardus_ott168511
Mollusca,Gastropoda,Nudibranchia,Dendronotidae,Dendronotus rufus,Dendronotus_rufus_ott974461
Mollusca,Gastropoda,Nudibranchia,Dendronotidae,Dendronotus venustus,Dendronotus_venustus_ott945191
Mollusca,Gastropoda,Nudibranchia,Dendronotidae,Melibe bucephala,Melibe_bucephala_ott2874829
Mollusca,Gastropoda,Nudibranchia,Dendronotidae,Melibe leonina,Melibe_leonina_ott662108
Mollusca,Gastropoda,Nudibranchia,Dendronotidae,Melibe viridis,Melibe_viridis_ott393507
Mollusca,Gastropoda,Nudibranchia,Dironidae,Dirona albolineata,Caecinella_luctuosa_ott5743994
Mollusca,Gastropoda,Nudibranchia,Dironidae,Dirona pellucida,Marioniopsis_babai_ott7960344
Mollusca,Gastropoda,Nudibranchia,Dironidae,Doris montereyensis,Doris_montereyensis_ott579555
Mollusca,Gastropoda,Nudibranchia,Dironidae,Doris verrucosa,Doris_verrucosa_ott720739
Mollusca,Gastropoda,Nudibranchia,Glaucidae,Hermissenda crassicornis,Hermissenda_crassicornis_ott159591
Mollusca,Gastropoda,Nudibranchia,Goniodorididae,Ancula gibbosa,Ancula_gibbosa_ott739837
Mollusca,Gastropoda,Nudibranchia,Lomanotidae,Lomanotus vermiformis,Lomanotus_vermiformis_ott979912
Mollusca,Gastropoda,Nudibranchia,Polyceridae,Plocamopherus ceylonicus,Plocamopherus_ceylonicus_ott917810
Mollusca,Gastropoda,Nudibranchia,Polyceridae,Plocamopherus imperialis,Plocamopherus_imperialis_ott2875188
Mollusca,Gastropoda,Nudibranchia,Polyceridae,Plocamopherus tilesii,Plocamopherus_tilesii_ott2875191
Mollusca,Gastropoda,Nudibranchia,Scyllaeidae,Scyllaea pelagica,Scyllaea_pelagica_ott204536
Mollusca,Gastropoda,Nudibranchia,Tritoniidae,Tritonia festiva,Tritonia_festiva_ott277834
Mollusca,Gastropoda,Nudibranchia,Tritoniidae,Tritonia tetraquetra,Tritonia_tetraquetra_ott650633
Mollusca,Cephalopoda,Octopoda,Bolitaenidae,Japetella diaphana,Japetella_diaphana_ott629526
Mollusca,Cephalopoda,Octopoda,Octopodidae,Amphioctopus burryi,Amphioctopus_burryi_ott2868173
Mollusca,Cephalopoda,Octopoda,Octopodidae,Eledone cirrhosa,Eledone_cirrhosa_ott507653
Mollusca,Cephalopoda,Octopoda,Octopodidae,Enteroctopus dofleini,Enteroctopus_dofleini_ott123064
Mollusca,Cephalopoda,Octopoda,Octopodidae,Hapalochlaena maculosa,Hapalochlaena_maculosa_ott629519
Mollusca,Cephalopoda,Octopoda,Octopodidae,Muusoctopus longibrachus,Muusoctopus_longibrachus_ott757939
Mollusca,Cephalopoda,Octopoda,Octopodidae,Octopus americanus,Octopus_tetricus_ott754416
Mollusca,Cephalopoda,Octopoda,Octopodidae,Octopus bimaculoides,Octopus_bimaculoides_ott609510
Mollusca,Cephalopoda,Octopoda,Octopodidae,Octopus insularis,Octopus_insularis_ott2868282
Mollusca,Cephalopoda,Octopoda,Octopodidae,Octopus maya,Octopus_maya_ott237487
Mollusca,Cephalopoda,Octopoda,Octopodidae,Octopus rubescens,Octopus_rubescens_ott609506
Mollusca,Cephalopoda,Octopoda,Octopodidae,Octopus sinensis,Octopus_oculifer_ott302598
Mollusca,Cephalopoda,Octopoda,Octopodidae,Octopus vulgaris,Octopus_vulgaris_ott110468
Mollusca,Cephalopoda,Oegopsida,Architeuthidae,Architeuthis dux,Architeuthis_dux_ott251385
Mollusca,Cephalopoda,Oegopsida,Enoploteuthidae,Watasenia scintillans,Watasenia_scintillans_ott1054846
Mollusca,Cephalopoda,Oegopsida,Onychoteuthidae,Onykia robusta,Onykia_robusta_ott1033804
Mollusca,Cephalopoda,Oegopsida,Thysanoteuthidae,Thysanoteuthis rhombus,Thysanoteuthis_rhombus_ott526075
Mollusca,Bivalvia,Ostreida,Ostreidae,Crassostrea ariakensis,Crassostrea_ariakensis_ott1063880
Mollusca,Bivalvia,Ostreida,Ostreidae,Crassostrea gasar,Crassostrea_tulipa_ott332853
Mollusca,Bivalvia,Ostreida,Ostreidae,Crassostrea nippona,Crassostrea_nippona_ott424417
Mollusca,Bivalvia,Ostreida,Ostreidae,Crassostrea rhizophorae,Crassostrea_rhizophorae_ott88178
Mollusca,Bivalvia,Ostreida,Ostreidae,Crassostrea virginica,Crassostrea_virginica_ott365708
Mollusca,Bivalvia,Ostreida,Ostreidae,Magallana angulata,Magallana_rivularis_ott7493918
Mollusca,Bivalvia,Ostreida,Ostreidae,Magallana gigas,Magallana_gigas_ott987409
Mollusca,Bivalvia,Ostreida,Ostreidae,Magallana hongkongensis,Magallana_hongkongensis_ott7493916
Mollusca,Bivalvia,Ostreida,Ostreidae,Ostrea denselamellosa,Ostrea_denselamellosa_ott1088120
Mollusca,Bivalvia,Ostreida,Ostreidae,Ostrea edulis,Ostrea_angasi_ott1088125
Mollusca,Bivalvia,Ostreida,Ostreidae,Saccostrea cuccullata,Saccostrea_cucullata_ott162886
Mollusca,Bivalvia,Ostreida,Ostreidae,Saccostrea glomerata,Saccostrea_glomerata_ott26482
Mollusca,Gastropoda,Patelloidea,Patellidae,Patella caerulea,Patella_caerulea_ott833972
Mollusca,Gastropoda,Patelloidea,Patellidae,Patella depressa,Patella_depressa_ott259396
Mollusca,Gastropoda,Patelloidea,Patellidae,Patella pellucida,Patella_pellucida_ott326421
Mollusca,Gastropoda,Patelloidea,Patellidae,Patella ulyssiponensis,Patella_ulyssiponensis_ott503763
Mollusca,Gastropoda,Patelloidea,Patellidae,Patella vulgata,Patella_vulgata_ott853190
Mollusca,Bivalvia,Pectinida,Pectinidae,Argopecten irradians concentricus,Argopecten_irradians_concentricus_ott1078205
Mollusca,Bivalvia,Pectinida,Pectinidae,Argopecten irradians irradians,Argopecten_irradians_irradians_ott1078203
Mollusca,Bivalvia,Pectinida,Pectinidae,Chlamys rubida,Chlamys_rubida_ott413566
Mollusca,Bivalvia,Pectinida,Pectinidae,Crassadoma gigantea,Crassadoma_gigantea_ott139557
Mollusca,Bivalvia,Pectinida,Pectinidae,Mimachlamys varia,Mimachlamys_varia_varia_ott961950
Mollusca,Bivalvia,Pectinida,Pectinidae,Mizuhopecten yessoensis,Mizuhopecten_yessoensis_ott449027
Mollusca,Bivalvia,Pectinida,Pectinidae,Pecten maximus,Pecten_maximus_ott449048
Mollusca,Bivalvia,Pectinida,Pectinidae,Ylistrum balloti,Ylistrum_balloti_ott727118
Mollusca,Bivalvia,Pterioida,Pinnidae,Pinna nobilis,Pinna_nobilis_ott31389
Mollusca,Bivalvia,Pterioida,Pteriidae,Pinctada fucata,Pinctada_fucata_ott978934
Mollusca,Bivalvia,Pterioida,Pteriidae,Pinctada imbricata,Pinctada_imbricata_ott763333
Mollusca,Bivalvia,Pterioida,Pteriidae,Pinctada margaritifera,Margaritifera_margaritifera_cumingii_ott733556
Mollusca,Bivalvia,Pterioida,Pteriidae,Pteria penguin,Pteria_penguin_ott335715
Mollusca,Gastropoda,Pteropoda,Clionidae,Clione limacina,Clione_limacina_ott191194
Mollusca,Gastropoda,Pteropoda,Limacinidae,Limacina bulimoides,Limacina_bulimoides_ott2883891
Mollusca,Gastropoda,Sacoglossa,Plakobranchidae,Elysia chlorotica,Elysia_chlorotica_ott388568
Mollusca,Gastropoda,Sacoglossa,Plakobranchidae,Elysia crispata,Elysia_crispata_ott80756
Mollusca,Gastropoda,Sacoglossa,Plakobranchidae,Elysia marginata,Elysia_marginata_ott649165
Mollusca,Gastropoda,Sacoglossa,Plakobranchidae,Plakobranchus ocellatus,Plakobranchus_ocellatus_ott462112
Mollusca,Cephalopoda,Sepiida,Sepiidae,Acanthosepion esculentum,Sepia_esculenta_ott622220
Mollusca,Cephalopoda,Sepiida,Sepiidae,Acanthosepion lycidas,Sepia_lycidas_ott262643
Mollusca,Cephalopoda,Sepiida,Sepiidae,Acanthosepion pharaonis,Sepia_pharaonis_ott180299
Mollusca,Cephalopoda,Sepiida,Sepiidae,Ascarosepion bandense,Sepia_bandensis_ott2868417
Mollusca,Cephalopoda,Sepiida,Sepiidae,Sepiola atlantica,Sepiola_atlantica_ott562824
Mollusca,Cephalopoda,Sepiida,Sepiolidae,Eumandya parva,Sepiola_parva_ott2868474
Mollusca,Cephalopoda,Sepiida,Sepiolidae,Euprymna scolopes,Euprymna_scolopes_ott528814
Mollusca,Gastropoda,Stylommatophora,Arionidae,Ariolimax columbianus,Ariolimax_columbianus_ott2882280
Mollusca,Gastropoda,Stylommatophora,Arionidae,Arion ater rufus,Arion_rufus_ott661121
Mollusca,Gastropoda,Stylommatophora,Arionidae,Arion vulgaris,Arion_vulgaris_ott629322
Mollusca,Gastropoda,Stylommatophora,Camaenidae,Euhadra peliomphala,Euhadra_peliomphala_ott330216
Mollusca,Gastropoda,Stylommatophora,Geomitridae,Candidula unifasciata,Candidula_unifasciata_unifasciata_ott526948
Mollusca,Gastropoda,Stylommatophora,Helicidae,Cepaea hortensis,Cepaea_hortensis_ott983300
Mollusca,Gastropoda,Stylommatophora,Helicidae,Cepaea nemoralis,Cepaea_nemoralis_ott891883
Mollusca,Gastropoda,Stylommatophora,Helicidae,Cornu aspersum,Helix_aspersa_aspersa_ott978328
Mollusca,Gastropoda,Systellommatophora,Onchidiidae,Onchidella celtica,Onchidella_celtica_ott162894
Mollusca,Gastropoda,Trochida,Trochidae,Phorcus lineatus,Phorcus_lineatus_ott1016187
Mollusca,Gastropoda,Trochida,Trochidae,Steromphala cineraria,Gibbula_cineraria_ott83913
Mollusca,Gastropoda,Umbraculida,Tylodinidae,Tylodina fungina,Tylodina_fungina_ott637191
Mollusca,Bivalvia,Unionida,Margaritiferidae,Margaritifera margaritifera,Margaritifera_margaritifera_durrovensis_ott622474
Mollusca,Bivalvia,Unionida,Unionidae,Megalonaias nervosa,Megalonaias_nervosa_ott609673
Mollusca,Bivalvia,Unionida,Unionidae,Unio delphinus,Unio_delphinus_ott24981
Mollusca,Bivalvia,Unionida,Unionidae,Unio pictorum,Unio_pictorum_ott70003
Mollusca,Bivalvia,Unionida,Unionidae,Venustaconcha ellipsiformis,Venustaconcha_ellipsiformis_ott116466
Mollusca,Bivalvia,Venerida,Cyrenidae,Corbicula fluminea,Corbicula_fluminea_ott406871
Mollusca,Bivalvia,Venerida,Cyrenidae,Corbicula japonica,Corbicula_japonica_ott920654
Mollusca,Bivalvia,Venerida,Mactridae,Mactromeris polynyma,Mactromeris_polynyma_ott131019
Mollusca,Bivalvia,Venerida,Mactridae,Spisula solida,Spisula_solida_ott131022
Mollusca,Bivalvia,Venerida,Mactridae,Spisula subtruncata,Spisula_subtruncata_ott131021
Mollusca,Bivalvia,Venerida,Veneridae,Cyclina sinensis,Cyclina_sinensis_ott39264
Mollusca,Bivalvia,Venerida,Veneridae,Mercenaria mercenaria,Mercenaria_mercenaria_ott80121
Mollusca,Bivalvia,Venerida,Veneridae,Ruditapes philippinarum,Ruditapes_philippinarum_ott913666
Mollusca,Bivalvia,Venerida,Veneridae,Saxidomus gigantea,Saxidomus_gigantea_ott139257
Mollusca,Bivalvia,Venerida,Veneridae,Saxidomus purpurata,Saxidomus_purpurata_ott605472
Nematoda,Enoplea,Enoplida,Echinomermellidae,Echinomermella matsi,Echinomermella_matsi_ott1067017
Nematoda,Enoplea,Mermithida,Mermithidae,Mermis nigrescens,Mermis_nigrescens_ott824126
Nematoda,Enoplea,Mermithida,Mermithidae,Romanomermis culicivorax,Romanomermis_culicivorax_ott18708
Nematoda,Chromadorea,Monhysterida,Meloidogynidae,Meloidogyne arenaria,Meloidogyne_arenaria_ott1043272
Nematoda,Chromadorea,Monhysterida,Meloidogynidae,Meloidogyne chitwoodi,Meloidogyne_chitwoodi_ott759061
Nematoda,Chromadorea,Monhysterida,Meloidogynidae,Meloidogyne enterolobii,Meloidogyne_enterolobii_ott233987
Nematoda,Chromadorea,Monhysterida,Meloidogynidae,Meloidogyne exigua,Meloidogyne_exigua_ott98477
Nematoda,Chromadorea,Monhysterida,Meloidogynidae,Meloidogyne floridensis,Meloidogyne_floridensis_ott453793
Nematoda,Chromadorea,Monhysterida,Meloidogynidae,Meloidogyne graminicola,Meloidogyne_graminicola_ott270135
Nematoda,Chromadorea,Monhysterida,Meloidogynidae,Meloidogyne hapla,Meloidogyne_hapla_ott1043271
Nematoda,Chromadorea,Monhysterida,Meloidogynidae,Meloidogyne incognita,Meloidogyne_incognita_grahami_ott7075378
Nematoda,Chromadorea,Monhysterida,Meloidogynidae,Meloidogyne javanica,Meloidogyne_javanica_ott1043280
Nematoda,Chromadorea,Monhysterida,Onchocercidae,Litomosoides sigmodontis,Litomosoides_sigmodontis_ott549976
Nematoda,Chromadorea,Monhysterida,Onchocercidae,Loa loa,Loa_loa_ott555803
Nematoda,Chromadorea,Monhysterida,Onchocercidae,Mansonella ozzardi,Mansonella_ozzardi_ott1020921
Nematoda,Chromadorea,Monhysterida,Onchocercidae,Mansonella perstans,Mansonella_perstans_ott685524
Nematoda,Chromadorea,Monhysterida,Rhabditidae,Litoditis marina,Rhabditis_brassicae_ott14294
Nematoda,Enoplea,Mononchida,Mononchidae,Prionchulus punctatus,Prionchulus_punctatus_ott577256
Nematoda,Chromadorea,Plectida,Plectidae,Plectus murrayi,Plectus_murrayi_ott46562
Nematoda,Chromadorea,Rhabditida,Alloionematidae,Rhabditophanes sp. KR3021,Rhabditophanes_aphodii_ott3588013
Nematoda,Chromadorea,Rhabditida,Ancylostomatidae,Ancylostoma caninum,Ancylostoma_caninum_ott936408
Nematoda,Chromadorea,Rhabditida,Ancylostomatidae,Ancylostoma ceylanicum,Ancylostoma_ceylanicum_ott459448
Nematoda,Chromadorea,Rhabditida,Ancylostomatidae,Ancylostoma duodenale,Ancylostoma_duodenale_ott332059
Nematoda,Chromadorea,Rhabditida,Ancylostomatidae,Necator americanus,Necator_americanus_ott856981
Nematoda,Chromadorea,Rhabditida,Anguinidae,Anguina tritici,Anguina_tritici_ott159575
Nematoda,Chromadorea,Rhabditida,Anguinidae,Ditylenchus destructor,Ditylenchus_destructor_ott4010
Nematoda,Chromadorea,Rhabditida,Anguinidae,Ditylenchus dipsaci,Ditylenchus_dipsaci_from_Daucus_carota_ott43049
Nematoda,Chromadorea,Rhabditida,Aphelenchoididae,Aphelenchoides avenae,Aphelenchoides_stammeri_ott803231
Nematoda,Chromadorea,Rhabditida,Aphelenchoididae,Aphelenchoides besseyi,Aphelenchoides_besseyi_ott401521
Nematoda,Chromadorea,Rhabditida,Aphelenchoididae,Aphelenchoides bicaudatus,Aphelenchoides_bicaudatus_ott695983
Nematoda,Chromadorea,Rhabditida,Aphelenchoididae,Bursaphelenchus mucronatus,Bursaphelenchus_mucronatus_kolymensis_ott5000025
Nematoda,Chromadorea,Rhabditida,Aphelenchoididae,Bursaphelenchus xylophilus,Bursaphelenchus_xylophilus_ott1093850
Nematoda,Chromadorea,Rhabditida,Ascarididae,Ascaris lumbricoides,Ascaris_lumbricoides_ott345760
Nematoda,Chromadorea,Rhabditida,Ascarididae,Ascaris suum,Ascaris_suum_ott345758
Nematoda,Chromadorea,Rhabditida,Ascarididae,Toxascaris leonina,Toxascaris_leonina_ott396917
Nematoda,Chromadorea,Rhabditida,Cephalobidae,Acrobeloides nanus,Acrobeloides_nanus_ott453790
Nematoda,Chromadorea,Rhabditida,Dracunculidae,Dracunculus medinensis,Dracunculus_medinensis_ott560721
Nematoda,Chromadorea,Rhabditida,Gnathostomatidae,Gnathostoma spinigerum,Gnathostoma_spinigerum_ott661905
Nematoda,Chromadorea,Rhabditida,Gongylonematidae,Gongylonema pulchrum,Gongylonema_pulchrum_ott371440
Nematoda,Chromadorea,Rhabditida,Heligmosomidae,Heligmosomoides polygyrus bakeri,Heligmosomoides_polygyrus_bakeri_ott34977
Nematoda,Chromadorea,Rhabditida,Heligmosomidae,Heligmosomoides polygyrus polygyrus,Heligmosomoides_polygyrus_polygyrus_ott34976
Nematoda,Chromadorea,Rhabditida,Heligmosomidae,Nippostrongylus brasiliensis,Nippostrongylus_brasiliensis_ott369898
Nematoda,Chromadorea,Rhabditida,Heteroderidae,Globodera ellingtonae,Globodera_ellingtonae_ott1043842
Nematoda,Chromadorea,Rhabditida,Heteroderidae,Globodera pallida,Globodera_pallida_ott780554
Nematoda,Chromadorea,Rhabditida,Heteroderidae,Globodera rostochiensis,Globodera_rostochiensis_ott232963
Nematoda,Chromadorea,Rhabditida,Heteroderidae,Heterodera avenae,Heterodera_avenae_ott463343
Nematoda,Chromadorea,Rhabditida,Heteroderidae,Heterodera carotae,Heterodera_carotae_ott159358
Nematoda,Chromadorea,Rhabditida,Heteroderidae,Heterodera filipjevi,Heterodera_filipjevi_ott734167
Nematoda,Chromadorea,Rhabditida,Heteroderidae,Heterodera glycines,Heterodera_glycines_ott332065
Nematoda,Chromadorea,Rhabditida,Heteroderidae,Heterodera humuli,Heterodera_humuli_ott734163
Nematoda,Chromadorea,Rhabditida,Heteroderidae,Heterodera mani,Heterodera_mani_ott862655
Nematoda,Chromadorea,Rhabditida,Heteroderidae,Heterodera schachtii,Heterodera_schachtii_ott128245
Nematoda,Chromadorea,Rhabditida,Heteroderidae,Heterodera trifolii,Heterodera_trifolii_ott108477
Nematoda,Chromadorea,Rhabditida,Heterorhabditidae,Heterorhabditis bacteriophora,Heterorhabditis_bacteriophora_ott493867
Nematoda,Chromadorea,Rhabditida,Heterorhabditidae,Heterorhabditis indica,Heterorhabditis_indica_ott779455
Nematoda,Chromadorea,Rhabditida,Hoplolaimidae,Hoplolaimus columbus,Hoplolaimus_columbus_ott556828
Nematoda,Chromadorea,Rhabditida,Hoplolaimidae,Rotylenchulus reniformis,Rotylenchulus_reniformis_ott395859
Nematoda,Chromadorea,Rhabditida,Hoplolaimidae,Rotylenchus robustus,Rotylenchus_robustus_ott560377
Nematoda,Chromadorea,Rhabditida,Metastrongylidae,Angiostrongylus cantonensis,Angiostrongylus_cantonensis_ott516791
Nematoda,Chromadorea,Rhabditida,Metastrongylidae,Angiostrongylus costaricensis,Angiostrongylus_costaricensis_ott575729
Nematoda,Chromadorea,Rhabditida,Metastrongylidae,Angiostrongylus vasorum,Angiostrongylus_vasorum_ott569850
Nematoda,Chromadorea,Rhabditida,Metastrongylidae,Dictyocaulus viviparus,Dictyocaulus_viviparus_ott936411
Nematoda,Chromadorea,Rhabditida,Metastrongylidae,Parelaphostrongylus tenuis,Parelaphostrongylus_tenuis_ott348533
Nematoda,Chromadorea,Rhabditida,Neodiplogasteridae,Pristionchus arcanus,Pristionchus_arcanus_ott576362
Nematoda,Chromadorea,Rhabditida,Neodiplogasteridae,Pristionchus entomophagus,Pristionchus_entomophagus_ott10861
Nematoda,Chromadorea,Rhabditida,Neodiplogasteridae,Pristionchus exspectatus,Pristionchus_exspectatus_ott576348
Nematoda,Chromadorea,Rhabditida,Neodiplogasteridae,Pristionchus mayeri,Pristionchus_mayeri_ott5262691
Nematoda,Chromadorea,Rhabditida,Neodiplogasteridae,Pristionchus pacificus,Pristionchus_pacificus_ott197875
Nematoda,Chromadorea,Rhabditida,Neotylenchidae,Deladenus siricidicola,Deladenus_siricidicola_ott784570
Nematoda,Chromadorea,Rhabditida,Onchocercidae,Acanthocheilonema viteae,Acanthocheilonema_viteae_ott295364
Nematoda,Chromadorea,Rhabditida,Onchocercidae,Brugia malayi,Brugia_malayi_ott295367
Nematoda,Chromadorea,Rhabditida,Onchocercidae,Brugia pahangi,Brugia_pahangi_ott510894
Nematoda,Chromadorea,Rhabditida,Onchocercidae,Brugia timori,Brugia_timori_ott462290
Nematoda,Chromadorea,Rhabditida,Onchocercidae,Cercopithifilaria johnstoni,Cercopithifilaria_bainae_ott331879
Nematoda,Chromadorea,Rhabditida,Onchocercidae,Dipetalonema caudispina,Dipetalonema_caudispina_ott5926603
Nematoda,Chromadorea,Rhabditida,Onchocercidae,Dirofilaria immitis,Dirofilaria_immitis_ott819804
Nematoda,Chromadorea,Rhabditida,Onchocercidae,Dirofilaria repens,Dirofilaria_repens_ott232965
Nematoda,Chromadorea,Rhabditida,Onchocercidae,Onchocerca lupi,Onchocerca_lupi_ott847619
Nematoda,Chromadorea,Rhabditida,Onchocercidae,Onchocerca volvulus,Onchocerca_volvulus_ott819809
Nematoda,Chromadorea,Rhabditida,Onchocercidae,Wuchereria bancrofti,Wuchereria_bancrofti_ott245091
Nematoda,Chromadorea,Rhabditida,Oxyuridae,Enterobius vermicularis,Enterobius_vermicularis_ott332069
Nematoda,Chromadorea,Rhabditida,Panagrolaimidae,Panagrellus redivivus,Panagrellus_redivivus_ott395066
Nematoda,Chromadorea,Rhabditida,Panagrolaimidae,Panagrolaimus davidi,Panagrolaimus_davidi_ott223090
Nematoda,Chromadorea,Rhabditida,Panagrolaimidae,Panagrolaimus detritophagus,Panagrolaimus_detritophagus_ott794969
Nematoda,Chromadorea,Rhabditida,Panagrolaimidae,Panagrolaimus superbus,Panagrolaimus_superbus_ott794968
Nematoda,Chromadorea,Rhabditida,Panagrolaimidae,Turbatrix aceti,Turbatrix_aceti_ott1046794
Nematoda,Chromadorea,Rhabditida,Pratylenchidae,Radopholus similis,Radopholus_similis_ott186666
Nematoda,Chromadorea,Rhabditida,Rhabditidae,Auanema rhodensis,Cephaloboides_curvicaudata_ott4167756
Nematoda,Chromadorea,Rhabditida,Rhabditidae,Caenorhabditis angaria,Caenorhabditis_angaria_ott94476
Nematoda,Chromadorea,Rhabditida,Rhabditidae,Caenorhabditis brenneri,Caenorhabditis_brenneri_ott90647
Nematoda,Chromadorea,Rhabditida,Rhabditidae,Caenorhabditis briggsae,Caenorhabditis_briggsae_ott395053
Nematoda,Chromadorea,Rhabditida,Rhabditidae,Caenorhabditis elegans,Caenorhabditis_elegans_ott395048
Nematoda,Chromadorea,Rhabditida,Rhabditidae,Caenorhabditis inopinata,Caenorhabditis_inopinata_ott7073336
Nematoda,Chromadorea,Rhabditida,Rhabditidae,Caenorhabditis japonica,Caenorhabditis_japonica_ott215930
Nematoda,Chromadorea,Rhabditida,Rhabditidae,Caenorhabditis macrosperma,Caenorhabditis_macrosperma_ott624491
Nematoda,Chromadorea,Rhabditida,Rhabditidae,Caenorhabditis monodelphis,Caenorhabditis_monodelphis_ott624495
Nematoda,Chromadorea,Rhabditida,Rhabditidae,Caenorhabditis nigoni,Caenorhabditis_nigoni_ott5701061
Nematoda,Chromadorea,Rhabditida,Rhabditidae,Caenorhabditis remanei,Caenorhabditis_remanei_ott396902
Nematoda,Chromadorea,Rhabditida,Rhabditidae,Caenorhabditis tropicalis,Caenorhabditis_tropicalis_ott5701053
Nematoda,Chromadorea,Rhabditida,Rhabditidae,Oscheius dolichura,Oscheius_dolichura_ott14290
Nematoda,Chromadorea,Rhabditida,Rhabditidae,Oscheius myriophilus,Oscheius_myriophilus_ott215925
Nematoda,Chromadorea,Rhabditida,Rhabditidae,Oscheius tipulae,Oscheius_tipulae_ott347938
Nematoda,Chromadorea,Rhabditida,Rhabditidae,Pelodera strongyloides,Pelodera_strongyloides_dermatitica_ott434751
Nematoda,Chromadorea,Rhabditida,Rhabditidae,Poikilolaimus oxycercus,Poikilolaimus_oxycercus_ott3587972
Nematoda,Chromadorea,Rhabditida,Steinernematidae,Steinernema carpocapsae,Steinernema_carpocapsae_ott1040298
Nematoda,Chromadorea,Rhabditida,Steinernematidae,Steinernema diaprepesi,Steinernema_diaprepesi_ott675717
Nematoda,Chromadorea,Rhabditida,Steinernematidae,Steinernema feltiae,Steinernema_feltiae_ott965491
Nematoda,Chromadorea,Rhabditida,Steinernematidae,Steinernema glaseri,Steinernema_glaseri_ott777438
Nematoda,Chromadorea,Rhabditida,Steinernematidae,Steinernema hermaphroditum,Steinernema_hermaphroditum_ott118172
Nematoda,Chromadorea,Rhabditida,Steinernematidae,Steinernema monticolum,Steinernema_monticolum_ott828375
Nematoda,Chromadorea,Rhabditida,Steinernematidae,Steinernema riobrave,Steinernema_riobrave_ott298423
Nematoda,Chromadorea,Rhabditida,Steinernematidae,Steinernema scapterisci,Steinernema_scapterisci_ott828378
Nematoda,Chromadorea,Rhabditida,Strongylidae,Strongylus vulgaris,Strongylus_vulgaris_ott585543
Nematoda,Chromadorea,Rhabditida,Strongyloididae,Parastrongyloides trichosuri,Parastrongyloides_trichosuri_ott826361
Nematoda,Chromadorea,Rhabditida,Strongyloididae,Strongyloides papillosus,Strongyloides_papillosus_ott588802
Nematoda,Chromadorea,Rhabditida,Strongyloididae,Strongyloides ratti,Strongyloides_ratti_ott1040287
Nematoda,Chromadorea,Rhabditida,Strongyloididae,Strongyloides stercoralis,Strongyloides_stercoralis_ott920941
Nematoda,Chromadorea,Rhabditida,Strongyloididae,Strongyloides venezuelensis,Strongyloides_venezuelensis_ott780467
Nematoda,Chromadorea,Rhabditida,Thelaziidae,Thelazia callipaeda,Thelazia_callipaeda_ott195809
Nematoda,Chromadorea,Rhabditida,Toxocaridae,Toxocara canis,Toxocara_canis_ott870349
Nematoda,Enoplea,Rhabditida,Trichinellidae,Trichinella britovi,Trichinella_britovi_ott898303
Nematoda,Enoplea,Rhabditida,Trichinellidae,Trichinella nativa,Trichinella_nativa_ott567341
Nematoda,Enoplea,Rhabditida,Trichinellidae,Trichinella sp. T6,Trichinella_discolor_ott727492
Nematoda,Enoplea,Rhabditida,Trichinellidae,Trichinella spiralis,Trichinella_spiralis_ott567340
Nematoda,Enoplea,Rhabditida,Trichinellidae,Trichinella zimbabwensis,Trichinella_zimbabwensis_ott584335
Nematoda,Chromadorea,Rhabditida,Trichostrongylidae,Cooperia oncophora,Cooperia_oncophora_ott970617
Nematoda,Chromadorea,Rhabditida,Trichostrongylidae,Haemonchus contortus,Haemonchus_contortus_ott819797
Nematoda,Chromadorea,Rhabditida,Trichostrongylidae,Haemonchus placei,Haemonchus_placei_placei_ott92689
Nematoda,Chromadorea,Rhabditida,Trichostrongylidae,Ostertagia ostertagi,Ostertagia_ostertagi_ott516799
Nematoda,Chromadorea,Rhabditida,Trichostrongylidae,Teladorsagia circumcincta,Teladorsagia_circumcincta_ott428054
Nematoda,Chromadorea,Rhabditida,Trichostrongylidae,Trichostrongylus colubriformis,Trichostrongylus_colubriformis_ott516805
Nematoda,Enoplea,Trichinellida,Trichuridae,Trichuris muris,Trichuris_muris_ott349934
Nematoda,Enoplea,Trichinellida,Trichuridae,Trichuris suis,Trichuris_suis_ott912976
Nematoda,Enoplea,Trichinellida,Trichuridae,Trichuris trichiura,Trichuris_trichiura_ott206556
Nematomorpha,Gordioida,Gordea,Gordiidae,Paragordius varius,Paragordius_varius_ott873906
Platyhelminthes,Cestoda,Cyclophyllidea,Anoplocephalidae,Moniezia expansa,Moniezia_expansa_ott416825
Platyhelminthes,Cestoda,Cyclophyllidea,Dipylidiidae,Dipylidium caninum,Dipylidium_caninum_ott242958
Platyhelminthes,Cestoda,Cyclophyllidea,Hymenolepididae,Hymenolepis diminuta,Hymenolepis_diminuta_ott445201
Platyhelminthes,Cestoda,Cyclophyllidea,Hymenolepididae,Hymenolepis microstoma,Hymenolepis_microstoma_ott1004838
Platyhelminthes,Cestoda,Cyclophyllidea,Hymenolepididae,Rodentolepis nana,Rodentolepis_nana_ott348019
Platyhelminthes,Cestoda,Cyclophyllidea,Taeniidae,Echinococcus granulosus,Echinococcus_granulosus_granulosus_ott5706088
Platyhelminthes,Cestoda,Cyclophyllidea,Taeniidae,Echinococcus multilocularis,Echinococcus_multilocularis_ott481593
Platyhelminthes,Cestoda,Cyclophyllidea,Taeniidae,Hydatigera taeniaeformis,Hydatigera_taeniaeformis_taeniaeformis_ott5706087
Platyhelminthes,Cestoda,Cyclophyllidea,Taeniidae,Taenia asiatica,Taenia_asiatica_ott614168
Platyhelminthes,Cestoda,Cyclophyllidea,Taeniidae,Taenia crassiceps,Taenia_crassiceps_ott635252
Platyhelminthes,Cestoda,Cyclophyllidea,Taeniidae,Taenia hydatigena,Taenia_hydatigena_ott1004844
Platyhelminthes,Cestoda,Cyclophyllidea,Taeniidae,Taenia pisiformis,Taenia_pisiformis_ott1004841
Platyhelminthes,Cestoda,Cyclophyllidea,Taeniidae,Taenia saginata,Taenia_saginata_ott1021818
Platyhelminthes,Cestoda,Cyclophyllidea,Taeniidae,Taenia solium,Taenia_solium_ott1021812
Platyhelminthes,Cestoda,Diphyllobothriidea,Diphyllobothriidae,Dibothriocephalus latus,Dibothriocephalus_latus_ott1031473
Platyhelminthes,Cestoda,Diphyllobothriidea,Diphyllobothriidae,Ligula intestinalis,Ligula_intestinalis_ott1038488
Platyhelminthes,Cestoda,Diphyllobothriidea,Diphyllobothriidae,Schistocephalus solidus,Schistocephalus_solidus_ott1064216
Platyhelminthes,Cestoda,Diphyllobothriidea,Diphyllobothriidae,Spirometra erinaceieuropaei,Spirometra_erinaceieuropaei_ott883817
Platyhelminthes,Monogenea,Gyrodactylidea,Gyrodactylidae,Gyrodactylus bullatarudis,Gyrodactylus_bullatarudis_ott665058
Platyhelminthes,Monogenea,Gyrodactylidea,Gyrodactylidae,Gyrodactylus salaris,Gyrodactylus_salaris_ott975572
Platyhelminthes,Turbellaria,Macrostomida,Macrostomidae,Macrostomum hystrix,Macrostomum_hystrix_ott264325
Platyhelminthes,Turbellaria,Macrostomida,Macrostomidae,Macrostomum lignano,Macrostomum_lignano_ott735030
Platyhelminthes,Trematoda,Opisthorchiida,Opisthorchiidae,Clonorchis sinensis,Clonorchis_sinensis_ott903245
Platyhelminthes,Trematoda,Opisthorchiida,Opisthorchiidae,Opisthorchis felineus,Opisthorchis_felineus_ott163357
Platyhelminthes,Trematoda,Plagiorchiida,Dicrocoeliidae,Dicrocoelium dendriticum,Dicrocoelium_dendriticum_ott509051
Platyhelminthes,Trematoda,Plagiorchiida,Echinostomatidae,Echinostoma caproni,Echinostoma_caproni_ott664889
Platyhelminthes,Trematoda,Plagiorchiida,Fasciolidae,Fasciola gigantica,Fasciola_gigantica_ott351673
Platyhelminthes,Trematoda,Plagiorchiida,Fasciolidae,Fasciola hepatica,Fasciola_hepatica_ott194953
Platyhelminthes,Trematoda,Plagiorchiida,Fasciolidae,Fasciolopsis buskii,Fasciolopsis_buski_ott664924
Platyhelminthes,Trematoda,Plagiorchiida,Paramphistomidae,Calicophoron daubneyi,Calicophoron_daubneyi_ott86745
Platyhelminthes,Trematoda,Plagiorchiida,Troglotrematidae,Paragonimus heterotremus,Paragonimus_heterotremus_ott721958
Platyhelminthes,Trematoda,Plagiorchiida,Troglotrematidae,Paragonimus kellicotti,Paragonimus_kellicotti_ott721952
Platyhelminthes,Trematoda,Plagiorchiida,Troglotrematidae,Paragonimus skrjabini miyazakii,Paragonimus_skrjabini_skrjabini_ott1076419
Platyhelminthes,Trematoda,Plagiorchiida,Troglotrematidae,Paragonimus westermani,Paragonimus_westermani_ott1040289
Platyhelminthes,Monogenea,Polystomatidea,Polystomatidae,Protopolystoma xenopodis,Protopolystoma_xenopodis_ott825123
Platyhelminthes,Trematoda,Strigeidida,Aporocotylidae,Cardicola forsteri,Cardicola_forsteri_ott432473
Platyhelminthes,Trematoda,Strigeidida,Clinostomidae,Clinostomum complanatum,Clinostomum_complanatum_ott581184
Platyhelminthes,Trematoda,Strigeidida,Schistosomatidae,Heterobilharzia americana,Heterobilharzia_americana_ott880702
Platyhelminthes,Trematoda,Strigeidida,Schistosomatidae,Schistosoma curassoni,Schistosoma_curassoni_ott413344
Platyhelminthes,Trematoda,Strigeidida,Schistosomatidae,Schistosoma haematobium,Schistosoma_haematobium_ott191481
Platyhelminthes,Trematoda,Strigeidida,Schistosomatidae,Schistosoma japonicum,Schistosoma_japonicum_ott191484
Platyhelminthes,Trematoda,Strigeidida,Schistosomatidae,Schistosoma mansoni,Schistosoma_mansoni_ott191483
Platyhelminthes,Trematoda,Strigeidida,Schistosomatidae,Trichobilharzia regenti,Trichobilharzia_regenti_ott1090796
Platyhelminthes,Trematoda,Strigeidida,Schistosomatidae,Trichobilharzia szidati,Trichobilharzia_szidati_ott564251
Platyhelminthes,Rhabditophora,Tricladida,Dugesiidae,Schmidtea lugubris,Girardia_striata_ott7504516
Platyhelminthes,Rhabditophora,Tricladida,Dugesiidae,Schmidtea mediterranea,Girardia_sinensis_ott7504515
Platyhelminthes,Rhabditophora,Tricladida,Dugesiidae,Schmidtea polychroa,Schmidtea_polychroa_ott39561
Platyhelminthes,Rhabditophora,Tricladida,Geoplanidae,Platydemus manokwari,Platydemus_manokwari_ott1048970
Rotifera,Bdelloidea,Bdelloidea,Adinetidae,Adineta ricciae,Adineta_ricciae_ott743825
Rotifera,Bdelloidea,Bdelloidea,Adinetidae,Adineta vaga,Adineta_vaga_ott681215
Rotifera,Bdelloidea,Bdelloidea,Philodinidae,Macrotrachela quadricornifera,Macrotrachela_quadricornifera_ott681209
Rotifera,Monogononta,Ploima,Brachionidae,Brachionus angularis,Brachionus_angularis_pseudodolabratus_ott890473
Rotifera,Monogononta,Ploima,Brachionidae,Brachionus calyciflorus,Brachionus_calyciflorus_ott939320
Rotifera,Monogononta,Ploima,Brachionidae,Brachionus koreanus,Brachionus_koreanus_ott430689
Rotifera,Monogononta,Ploima,Brachionidae,Brachionus manjavacas,Brachionus_manjavacas_ott737934
Rotifera,Monogononta,Ploima,Brachionidae,Brachionus paranguensis,Brachionus_adisi_ott2941957
Rotifera,Monogononta,Ploima,Brachionidae,Brachionus plicatilis,Brachionus_plicatilis_ott471703
Rotifera,Monogononta,Ploima,Brachionidae,Brachionus rotundiformis,Brachionus_rotundiformis_ott1009399
Rotifera,Monogononta,Ploima,Brachionidae,Brachionus rubens,Brachionus_rubens_ott700609
Rotifera,Monogononta,Ploima,Proalidae,Proales similis,Proales_similis_ott412238
Tardigrada,Eutardigrada,Parachela,Hypsibiidae,Hypsibius exemplaris,Hypsibius_exemplaris_ott7485612
Tardigrada,Eutardigrada,Parachela,Isohypsibiidae,Isohypsibius dastychi,Isohypsibius_dastychi_ott5004491
Tardigrada,Eutardigrada,Parachela,Macrobiotidae,Paramacrobiotus richtersi,Paramacrobiotus_richtersi_ott498723
Tardigrada,Eutardigrada,Parachela,Ramazzottiidae,Ramazzottius varieornatus,Ramazzottius_varieornatus_ott320817